condition,prediction,No_Of_Records_Supported,Support,Confidence,Lift
"Error1 > 2
 Error3 <= 3
 Error4 > 3
 Error5 > 1
 Component4 <= 11
 ServicePeriod <= 18",ComponentReplacement,6,,0.875,8.4
"Error2 > 3
 Error3 > 3
 Component4 > 9
 Component4 <= 13
 Component1 > 7
 Component2 <= 11",ComponentReplacement,6,,0.875,8.4
"Error2 > 1
 Error3 <= 1
 Error5 > 1
 Component4 > 11",ComponentReplacement,6,,0.875,8.4
"Error2 > 4
 Error3 > 3
 Error3 <= 5
 Component4 > 9
 Component1 > 7
 Component3 > 6
 Component2 > 9",ComponentReplacement,6,,0.875,8.4
"Error3 > 5
 Component4 > 9
 Sensor3 > 101.1433",ComponentReplacement,5,,0.857,8.3
Component2 > 5,ComponentRepair  ,33,,0.634,1
" Error1 > 2
 Error3 <= 3
 MachineModel > 1
 ServicePeriod > 18",ComponentRepair  ,33/6,,0.8,1.3
Error5 > 1,ComponentRepalcement,267/224,,0.164,1.6
"Error2 > 1
 Error3 <= 1
 Error5 > 1
 Component4 > 11",ComponentRepalcement,20,,0.5,3.3
