"","MachineID","ActionPoint"
"1","MID11006","ComponentRepair"
"2","MID11007","ComponentRepair"
"3","MID11039","ComponentRepair"
"4","MID11045","ComponentRepair"
"5","MID11049","ComponentRepair"
"6","MID11052","ComponentRepair"
"7","MID11069","ComponentReplacement"
"8","MID11072","ComponentRepair"
"9","MID11074","ComponentRepair"
"10","MID11077","ComponentRepair"
"11","MID11080","ComponentReplacement"
"12","MID11109","ComponentRepair"
"13","MID11110","ComponentRepair"
"14","MID11113","ComponentRepair"
"15","MID11117","ComponentRepair"
"16","MID11127","ComponentRepair"
"17","MID11128","ComponentRepair"
"18","MID11130","ComponentRepair"
"19","MID11133","ComponentRepair"
"20","MID11142","ComponentRepair"
"21","MID11149","ComponentRepair"
"22","MID11153","ComponentRepair"
"23","MID11156","ComponentRepair"
"24","MID11158","ComponentRepair"
"25","MID11161","ComponentRepair"
"26","MID11166","ComponentReplacement"
"27","MID11172","ComponentReplacement"
"28","MID11181","ComponentRepair"
"29","MID11186","ComponentRepair"
"30","MID11189","ComponentRepair"
"31","MID11190","ComponentRepair"
"32","MID11205","NoIssue"
"33","MID11209","NoIssue"
"34","MID11212","ComponentRepair"
"35","MID11215","ComponentRepair"
"36","MID11228","ComponentReplacement"
"37","MID11233","NoIssue"
"38","MID11236","ComponentRepair"
"39","MID11240","ComponentRepair"
"40","MID11241","ComponentRepair"
"41","MID11250","ComponentRepair"
"42","MID11254","ComponentReplacement"
"43","MID11257","ComponentRepair"
"44","MID11268","ComponentReplacement"
"45","MID11269","ComponentRepair"
"46","MID11280","ComponentRepair"
"47","MID11282","ComponentReplacement"
"48","MID11288","NoIssue"
"49","MID11290","ComponentRepair"
"50","MID11297","ComponentRepair"
"51","MID11298","ComponentRepair"
"52","MID11304","ComponentRepair"
"53","MID11305","ComponentRepair"
"54","MID11313","ComponentRepair"
"55","MID11316","NoIssue"
"56","MID11319","ComponentRepair"
"57","MID11324","ComponentRepair"
"58","MID11329","ComponentRepair"
"59","MID11331","ComponentRepair"
"60","MID11337","ComponentRepair"
"61","MID11339","ComponentReplacement"
"62","MID11345","ComponentReplacement"
"63","MID11350","ComponentReplacement"
"64","MID11354","ComponentRepair"
"65","MID11357","ComponentReplacement"
"66","MID11358","ComponentRepair"
"67","MID11361","ComponentReplacement"
"68","MID11365","NoIssue"
"69","MID11368","ComponentRepair"
"70","MID11369","ComponentRepair"
"71","MID11370","ComponentRepair"
"72","MID11371","ComponentReplacement"
"73","MID11376","ComponentReplacement"
"74","MID11379","ComponentReplacement"
"75","MID11388","NoIssue"
"76","MID11391","ComponentRepair"
"77","MID11393","ComponentRepair"
"78","MID11402","ComponentRepair"
"79","MID11408","ComponentRepair"
"80","MID11409","ComponentRepair"
"81","MID11412","NoIssue"
"82","MID11414","ComponentRepair"
"83","MID11418","ComponentRepair"
"84","MID11427","NoIssue"
"85","MID11432","ComponentRepair"
"86","MID11437","ComponentReplacement"
"87","MID11439","ComponentReplacement"
"88","MID11452","ComponentRepair"
"89","MID11456","ComponentRepair"
"90","MID11461","ComponentRepair"
"91","MID11463","ComponentRepair"
"92","MID11466","ComponentRepair"
"93","MID11471","ComponentRepair"
"94","MID11481","ComponentRepair"
"95","MID11483","ComponentRepair"
"96","MID11491","NoIssue"
"97","MID11493","ComponentRepair"
"98","MID11495","ComponentRepair"
"99","MID11496","NoIssue"
"100","MID11498","NoIssue"
"101","MID11505","ComponentRepair"
"102","MID11506","ComponentRepair"
"103","MID11514","ComponentRepair"
"104","MID11521","ComponentReplacement"
"105","MID11523","NoIssue"
"106","MID11525","NoIssue"
"107","MID11533","NoIssue"
"108","MID11534","ComponentRepair"
"109","MID11540","ComponentRepair"
"110","MID11543","ComponentRepair"
"111","MID11544","ComponentRepair"
"112","MID11553","ComponentRepair"
"113","MID11557","NoIssue"
"114","MID11559","ComponentRepair"
"115","MID11560","NoIssue"
"116","MID11564","ComponentRepair"
"117","MID11570","ComponentRepair"
"118","MID11575","ComponentRepair"
"119","MID11579","ComponentRepair"
"120","MID11586","ComponentRepair"
"121","MID11590","NoIssue"
"122","MID11593","ComponentRepair"
"123","MID11594","ComponentRepair"
"124","MID11597","ComponentRepair"
"125","MID11605","ComponentRepair"
"126","MID11611","ComponentRepair"
"127","MID11614","ComponentRepair"
"128","MID11615","ComponentReplacement"
"129","MID11617","ComponentReplacement"
"130","MID11628","ComponentRepair"
"131","MID11642","ComponentRepair"
"132","MID11651","NoIssue"
"133","MID11655","ComponentReplacement"
"134","MID11657","ComponentRepair"
"135","MID11658","ComponentRepair"
"136","MID11661","ComponentRepair"
"137","MID11662","ComponentRepair"
"138","MID11663","ComponentRepair"
"139","MID11667","ComponentRepair"
"140","MID11672","NoIssue"
"141","MID11673","ComponentRepair"
"142","MID11675","ComponentRepair"
"143","MID11676","ComponentRepair"
"144","MID11677","ComponentRepair"
"145","MID11678","NoIssue"
"146","MID11679","ComponentRepair"
"147","MID11696","ComponentReplacement"
"148","MID11697","ComponentRepair"
"149","MID11701","NoIssue"
"150","MID11704","ComponentRepair"
"151","MID11711","ComponentReplacement"
"152","MID11715","ComponentRepair"
"153","MID11716","ComponentRepair"
"154","MID11728","NoIssue"
"155","MID11740","ComponentRepair"
"156","MID11742","NoIssue"
"157","MID11746","NoIssue"
"158","MID11747","ComponentRepair"
"159","MID11749","ComponentRepair"
"160","MID11755","ComponentRepair"
"161","MID11756","ComponentRepair"
"162","MID11760","NoIssue"
"163","MID11765","ComponentRepair"
"164","MID11772","ComponentRepair"
"165","MID11775","NoIssue"
"166","MID11784","ComponentRepair"
"167","MID11790","ComponentReplacement"
"168","MID11795","ComponentRepair"
"169","MID11797","ComponentRepair"
"170","MID11806","NoIssue"
"171","MID11815","ComponentReplacement"
"172","MID11818","ComponentRepair"
"173","MID11823","NoIssue"
"174","MID11828","ComponentRepair"
"175","MID11838","NoIssue"
"176","MID11849","NoIssue"
"177","MID11851","ComponentRepair"
"178","MID11852","ComponentRepair"
"179","MID11853","ComponentReplacement"
"180","MID11854","ComponentRepair"
"181","MID11855","ComponentReplacement"
"182","MID11856","ComponentRepair"
"183","MID11857","ComponentRepair"
"184","MID11858","NoIssue"
"185","MID11859","ComponentRepair"
"186","MID11860","ComponentRepair"
"187","MID11861","ComponentRepair"
"188","MID11862","ComponentRepair"
"189","MID11863","ComponentRepair"
"190","MID11864","NoIssue"
"191","MID11865","ComponentRepair"
"192","MID11866","ComponentRepair"
"193","MID11867","ComponentRepair"
"194","MID11868","ComponentRepair"
"195","MID11869","NoIssue"
"196","MID11870","ComponentRepair"
"197","MID11871","ComponentRepair"
"198","MID11872","ComponentRepair"
"199","MID11873","NoIssue"
"200","MID11874","ComponentRepair"
"201","MID11875","ComponentRepair"
"202","MID11876","ComponentRepair"
"203","MID11877","ComponentRepair"
"204","MID11878","NoIssue"
"205","MID11879","ComponentReplacement"
"206","MID11880","ComponentRepair"
"207","MID11881","NoIssue"
"208","MID11882","NoIssue"
"209","MID11883","ComponentRepair"
"210","MID11884","ComponentRepair"
"211","MID11885","ComponentRepair"
"212","MID11886","ComponentRepair"
"213","MID11887","ComponentRepair"
"214","MID11888","NoIssue"
"215","MID11889","ComponentRepair"
"216","MID11890","ComponentRepair"
"217","MID11891","NoIssue"
"218","MID11892","NoIssue"
"219","MID11893","ComponentRepair"
"220","MID11894","NoIssue"
"221","MID11895","ComponentRepair"
"222","MID11896","ComponentRepair"
"223","MID11897","NoIssue"
"224","MID11898","NoIssue"
"225","MID11899","ComponentRepair"
"226","MID11900","ComponentRepair"
"227","MID11901","NoIssue"
"228","MID11902","NoIssue"
"229","MID11903","ComponentRepair"
"230","MID11904","ComponentRepair"
"231","MID11905","ComponentRepair"
"232","MID11906","ComponentReplacement"
"233","MID11907","NoIssue"
"234","MID11908","NoIssue"
"235","MID11909","ComponentRepair"
"236","MID11910","ComponentRepair"
"237","MID11911","ComponentRepair"
"238","MID11912","NoIssue"
"239","MID11913","ComponentRepair"
"240","MID11914","ComponentRepair"
"241","MID11915","NoIssue"
"242","MID11916","ComponentRepair"
"243","MID11917","ComponentRepair"
"244","MID11918","NoIssue"
"245","MID11919","ComponentRepair"
"246","MID11920","NoIssue"
"247","MID11921","ComponentRepair"
"248","MID11922","ComponentRepair"
"249","MID11923","NoIssue"
"250","MID11924","ComponentRepair"
"251","MID11925","ComponentRepair"
"252","MID11926","ComponentRepair"
"253","MID11927","ComponentRepair"
"254","MID11928","ComponentRepair"
"255","MID11929","ComponentRepair"
"256","MID11930","ComponentRepair"
"257","MID11931","ComponentReplacement"
"258","MID11932","ComponentRepair"
"259","MID11933","NoIssue"
"260","MID11934","ComponentRepair"
"261","MID11935","ComponentRepair"
"262","MID11936","NoIssue"
"263","MID11937","NoIssue"
"264","MID11938","ComponentRepair"
"265","MID11939","ComponentRepair"
"266","MID11940","ComponentRepair"
"267","MID11941","NoIssue"
"268","MID11942","ComponentRepair"
"269","MID11943","NoIssue"
"270","MID11944","NoIssue"
"271","MID11945","ComponentRepair"
"272","MID11946","NoIssue"
"273","MID11947","ComponentRepair"
"274","MID11948","NoIssue"
"275","MID11949","ComponentRepair"
"276","MID11950","ComponentRepair"
"277","MID11951","ComponentRepair"
"278","MID11952","ComponentRepair"
"279","MID11953","NoIssue"
"280","MID11954","NoIssue"
"281","MID11955","ComponentRepair"
"282","MID11956","NoIssue"
"283","MID11957","ComponentRepair"
"284","MID11958","ComponentRepair"
"285","MID11959","ComponentRepair"
"286","MID11960","ComponentRepair"
"287","MID11961","NoIssue"
"288","MID11962","NoIssue"
"289","MID11963","ComponentRepair"
"290","MID11964","ComponentRepair"
"291","MID11965","ComponentRepair"
"292","MID11966","NoIssue"
"293","MID11967","ComponentRepair"
"294","MID11968","NoIssue"
"295","MID11969","ComponentRepair"
"296","MID11970","NoIssue"
"297","MID11971","ComponentRepair"
"298","MID11972","ComponentRepair"
"299","MID11973","NoIssue"
"300","MID11974","NoIssue"
"301","MID11975","NoIssue"
"302","MID11976","NoIssue"
"303","MID11977","ComponentRepair"
"304","MID11978","ComponentRepair"
"305","MID11979","NoIssue"
"306","MID11980","NoIssue"
"307","MID11981","NoIssue"
"308","MID11982","ComponentRepair"
"309","MID11983","NoIssue"
"310","MID11984","ComponentRepair"
"311","MID11985","ComponentRepair"
"312","MID11986","NoIssue"
"313","MID11987","ComponentRepair"
"314","MID11988","NoIssue"
"315","MID11989","ComponentRepair"
"316","MID11990","ComponentRepair"
"317","MID11991","NoIssue"
"318","MID11992","ComponentRepair"
"319","MID11993","NoIssue"
"320","MID11994","NoIssue"
"321","MID11995","ComponentRepair"
"322","MID11996","NoIssue"
"323","MID11997","ComponentRepair"
"324","MID11998","ComponentRepair"
"325","MID11999","NoIssue"
"326","MID12000","ComponentRepair"
