MachineID,ActionPoint
MID11006,ComponentRepair
MID11007,ComponentRepair
MID11039,ComponentRepair
MID11045,ComponentRepair
MID11049,ComponentRepair
MID11052,ComponentRepair
MID11069,ComponentRepair
MID11072,ComponentRepair
MID11074,ComponentRepair
MID11077,ComponentRepair
MID11080,ComponentRepair
MID11109,ComponentRepair
MID11110,ComponentRepair
MID11113,ComponentRepair
MID11117,ComponentRepair
MID11127,ComponentRepair
MID11128,NoIssue
MID11130,ComponentRepair
MID11133,ComponentRepair
MID11142,NoIssue
MID11149,ComponentRepair
MID11153,ComponentRepair
MID11156,ComponentReplacement
MID11158,ComponentRepair
MID11161,ComponentRepair
MID11166,ComponentRepair
MID11172,NoIssue
MID11181,ComponentRepair
MID11186,ComponentReplacement
MID11189,ComponentRepair
MID11190,ComponentRepair
MID11205,ComponentRepair
MID11209,ComponentRepair
MID11212,ComponentRepair
MID11215,ComponentRepair
MID11228,NoIssue
MID11233,ComponentRepair
MID11236,ComponentRepair
MID11240,ComponentRepair
MID11241,ComponentRepair
MID11250,ComponentRepair
MID11254,ComponentRepair
MID11257,ComponentRepair
MID11268,ComponentRepair
MID11269,ComponentRepair
MID11280,ComponentRepair
MID11282,NoIssue
MID11288,ComponentRepair
MID11290,ComponentRepair
MID11297,ComponentRepair
MID11298,NoIssue
MID11304,ComponentRepair
MID11305,ComponentRepair
MID11313,ComponentRepair
MID11316,ComponentRepair
MID11319,NoIssue
MID11324,ComponentRepair
MID11329,ComponentRepair
MID11331,ComponentRepair
MID11337,NoIssue
MID11339,ComponentRepair
MID11345,ComponentReplacement
MID11350,ComponentRepair
MID11354,ComponentRepair
MID11357,ComponentRepair
MID11358,ComponentRepair
MID11361,NoIssue
MID11365,ComponentRepair
MID11368,ComponentRepair
MID11369,ComponentRepair
MID11370,ComponentRepair
MID11371,ComponentRepair
MID11376,ComponentRepair
MID11379,ComponentRepair
MID11388,ComponentRepair
MID11391,NoIssue
MID11393,ComponentRepair
MID11402,ComponentRepair
MID11408,ComponentRepair
MID11409,ComponentRepair
MID11412,ComponentRepair
MID11414,ComponentRepair
MID11418,ComponentRepair
MID11427,ComponentRepair
MID11432,ComponentRepair
MID11437,NoIssue
MID11439,ComponentRepair
MID11452,ComponentRepair
MID11456,ComponentRepair
MID11461,ComponentRepair
MID11463,ComponentRepair
MID11466,ComponentRepair
MID11471,ComponentRepair
MID11481,ComponentRepair
MID11483,ComponentRepair
MID11491,NoIssue
MID11493,NoIssue
MID11495,ComponentRepair
MID11496,ComponentRepair
MID11498,ComponentRepair
MID11505,ComponentRepair
MID11506,ComponentRepair
MID11514,ComponentRepair
MID11521,ComponentRepair
MID11523,ComponentRepair
MID11525,ComponentRepair
MID11533,ComponentRepair
MID11534,ComponentRepair
MID11540,ComponentRepair
MID11543,NoIssue
MID11544,ComponentRepair
MID11553,NoIssue
MID11557,NoIssue
MID11559,NoIssue
MID11560,ComponentRepair
MID11564,NoIssue
MID11570,ComponentRepair
MID11575,ComponentRepair
MID11579,ComponentRepair
MID11586,ComponentRepair
MID11590,NoIssue
MID11593,NoIssue
MID11594,NoIssue
MID11597,NoIssue
MID11605,NoIssue
MID11611,ComponentRepair
MID11614,NoIssue
MID11615,ComponentRepair
MID11617,ComponentRepair
MID11628,ComponentRepair
MID11642,NoIssue
MID11651,NoIssue
MID11655,ComponentRepair
MID11657,ComponentRepair
MID11658,ComponentRepair
MID11661,ComponentRepair
MID11662,NoIssue
MID11663,ComponentRepair
MID11667,NoIssue
MID11672,ComponentReplacement
MID11673,ComponentRepair
MID11675,ComponentRepair
MID11676,ComponentRepair
MID11677,NoIssue
MID11678,ComponentRepair
MID11679,NoIssue
MID11696,ComponentRepair
MID11697,ComponentRepair
MID11701,ComponentRepair
MID11704,ComponentRepair
MID11711,NoIssue
MID11715,NoIssue
MID11716,ComponentRepair
MID11728,NoIssue
MID11740,ComponentRepair
MID11742,ComponentRepair
MID11746,ComponentRepair
MID11747,ComponentRepair
MID11749,NoIssue
MID11755,NoIssue
MID11756,ComponentRepair
MID11760,ComponentRepair
MID11765,ComponentRepair
MID11772,ComponentRepair
MID11775,ComponentRepair
MID11784,NoIssue
MID11790,ComponentRepair
MID11795,ComponentRepair
MID11797,ComponentRepair
MID11806,NoIssue
MID11815,ComponentRepair
MID11818,NoIssue
MID11823,ComponentRepair
MID11828,ComponentRepair
MID11838,ComponentRepair
MID11849,ComponentRepair
MID11851,NoIssue
MID11852,ComponentRepair
MID11853,ComponentRepair
MID11854,ComponentRepair
MID11855,ComponentRepair
MID11856,ComponentRepair
MID11857,NoIssue
MID11858,ComponentRepair
MID11859,NoIssue
MID11860,ComponentRepair
MID11861,ComponentRepair
MID11862,ComponentRepair
MID11863,NoIssue
MID11864,NoIssue
MID11865,ComponentRepair
MID11866,ComponentRepair
MID11867,ComponentReplacement
MID11868,ComponentRepair
MID11869,ComponentReplacement
MID11870,ComponentRepair
MID11871,NoIssue
MID11872,ComponentRepair
MID11873,ComponentRepair
MID11874,ComponentRepair
MID11875,ComponentRepair
MID11876,ComponentRepair
MID11877,ComponentRepair
MID11878,NoIssue
MID11879,ComponentRepair
MID11880,ComponentRepair
MID11881,NoIssue
MID11882,ComponentRepair
MID11883,ComponentRepair
MID11884,NoIssue
MID11885,ComponentRepair
MID11886,ComponentRepair
MID11887,NoIssue
MID11888,ComponentRepair
MID11889,ComponentRepair
MID11890,ComponentRepair
MID11891,NoIssue
MID11892,ComponentRepair
MID11893,ComponentRepair
MID11894,ComponentRepair
MID11895,NoIssue
MID11896,ComponentRepair
MID11897,NoIssue
MID11898,NoIssue
MID11899,ComponentRepair
MID11900,NoIssue
MID11901,ComponentRepair
MID11902,ComponentRepair
MID11903,NoIssue
MID11904,ComponentRepair
MID11905,NoIssue
MID11906,NoIssue
MID11907,ComponentRepair
MID11908,NoIssue
MID11909,ComponentRepair
MID11910,NoIssue
MID11911,ComponentRepair
MID11912,NoIssue
MID11913,NoIssue
MID11914,NoIssue
MID11915,ComponentRepair
MID11916,NoIssue
MID11917,NoIssue
MID11918,NoIssue
MID11919,ComponentRepair
MID11920,NoIssue
MID11921,ComponentRepair
MID11922,NoIssue
MID11923,NoIssue
MID11924,ComponentRepair
MID11925,ComponentRepair
MID11926,ComponentRepair
MID11927,ComponentReplacement
MID11928,NoIssue
MID11929,NoIssue
MID11930,ComponentRepair
MID11931,NoIssue
MID11932,ComponentRepair
MID11933,ComponentRepair
MID11934,ComponentRepair
MID11935,ComponentRepair
MID11936,NoIssue
MID11937,ComponentRepair
MID11938,NoIssue
MID11939,ComponentRepair
MID11940,ComponentRepair
MID11941,NoIssue
MID11942,NoIssue
MID11943,ComponentRepair
MID11944,NoIssue
MID11945,ComponentRepair
MID11946,ComponentRepair
MID11947,NoIssue
MID11948,ComponentRepair
MID11949,ComponentRepair
MID11950,NoIssue
MID11951,ComponentRepair
MID11952,ComponentRepair
MID11953,NoIssue
MID11954,ComponentRepair
MID11955,NoIssue
MID11956,ComponentRepair
MID11957,ComponentRepair
MID11958,NoIssue
MID11959,ComponentRepair
MID11960,ComponentRepair
MID11961,NoIssue
MID11962,NoIssue
MID11963,ComponentRepair
MID11964,ComponentRepair
MID11965,NoIssue
MID11966,NoIssue
MID11967,ComponentReplacement
MID11968,NoIssue
MID11969,NoIssue
MID11970,ComponentRepair
MID11971,ComponentRepair
MID11972,ComponentRepair
MID11973,NoIssue
MID11974,NoIssue
MID11975,ComponentRepair
MID11976,ComponentRepair
MID11977,NoIssue
MID11978,ComponentRepair
MID11979,NoIssue
MID11980,NoIssue
MID11981,NoIssue
MID11982,ComponentRepair
MID11983,ComponentRepair
MID11984,ComponentRepair
MID11985,NoIssue
MID11986,ComponentRepair
MID11987,ComponentRepair
MID11988,ComponentRepair
MID11989,NoIssue
MID11990,ComponentRepair
MID11991,NoIssue
MID11992,ComponentRepair
MID11993,NoIssue
MID11994,NoIssue
MID11995,ComponentRepair
MID11996,NoIssue
MID11997,ComponentReplacement
MID11998,ComponentRepair
MID11999,ComponentRepair
MID12000,ComponentRepair
