"","MachineID","ActionPoint"
"1","MID11006","ComponentReplacement"
"2","MID11007","ComponentReplacement"
"3","MID11039","NoIssue"
"4","MID11045","ComponentRepair"
"5","MID11049","ComponentRepair"
"6","MID11052","ComponentRepair"
"7","MID11069","ComponentRepair"
"8","MID11072","ComponentRepair"
"9","MID11074","ComponentReplacement"
"10","MID11077","ComponentRepair"
"11","MID11080","ComponentReplacement"
"12","MID11109","ComponentRepair"
"13","MID11110","ComponentRepair"
"14","MID11113","ComponentRepair"
"15","MID11117","ComponentReplacement"
"16","MID11127","ComponentRepair"
"17","MID11128","ComponentReplacement"
"18","MID11130","ComponentRepair"
"19","MID11133","ComponentRepair"
"20","MID11142","ComponentRepair"
"21","MID11149","ComponentRepair"
"22","MID11153","NoIssue"
"23","MID11156","ComponentReplacement"
"24","MID11158","ComponentReplacement"
"25","MID11161","ComponentReplacement"
"26","MID11166","ComponentRepair"
"27","MID11172","ComponentReplacement"
"28","MID11181","ComponentReplacement"
"29","MID11186","ComponentRepair"
"30","MID11189","ComponentReplacement"
"31","MID11190","ComponentRepair"
"32","MID11205","ComponentRepair"
"33","MID11209","ComponentRepair"
"34","MID11212","ComponentReplacement"
"35","MID11215","ComponentRepair"
"36","MID11228","ComponentRepair"
"37","MID11233","ComponentRepair"
"38","MID11236","ComponentReplacement"
"39","MID11240","ComponentRepair"
"40","MID11241","ComponentReplacement"
"41","MID11250","ComponentRepair"
"42","MID11254","ComponentRepair"
"43","MID11257","ComponentRepair"
"44","MID11268","ComponentRepair"
"45","MID11269","ComponentRepair"
"46","MID11280","ComponentRepair"
"47","MID11282","ComponentRepair"
"48","MID11288","ComponentRepair"
"49","MID11290","ComponentRepair"
"50","MID11297","ComponentRepair"
"51","MID11298","NoIssue"
"52","MID11304","ComponentReplacement"
"53","MID11305","ComponentRepair"
"54","MID11313","NoIssue"
"55","MID11316","ComponentRepair"
"56","MID11319","ComponentReplacement"
"57","MID11324","ComponentRepair"
"58","MID11329","ComponentRepair"
"59","MID11331","ComponentReplacement"
"60","MID11337","NoIssue"
"61","MID11339","ComponentRepair"
"62","MID11345","ComponentRepair"
"63","MID11350","ComponentRepair"
"64","MID11354","ComponentRepair"
"65","MID11357","NoIssue"
"66","MID11358","NoIssue"
"67","MID11361","ComponentRepair"
"68","MID11365","ComponentRepair"
"69","MID11368","ComponentReplacement"
"70","MID11369","ComponentRepair"
"71","MID11370","ComponentRepair"
"72","MID11371","ComponentRepair"
"73","MID11376","ComponentReplacement"
"74","MID11379","ComponentRepair"
"75","MID11388","NoIssue"
"76","MID11391","ComponentReplacement"
"77","MID11393","NoIssue"
"78","MID11402","ComponentRepair"
"79","MID11408","ComponentRepair"
"80","MID11409","ComponentRepair"
"81","MID11412","NoIssue"
"82","MID11414","ComponentRepair"
"83","MID11418","ComponentRepair"
"84","MID11427","ComponentRepair"
"85","MID11432","ComponentRepair"
"86","MID11437","ComponentReplacement"
"87","MID11439","ComponentRepair"
"88","MID11452","ComponentRepair"
"89","MID11456","ComponentRepair"
"90","MID11461","ComponentRepair"
"91","MID11463","ComponentRepair"
"92","MID11466","ComponentRepair"
"93","MID11471","ComponentRepair"
"94","MID11481","ComponentRepair"
"95","MID11483","ComponentRepair"
"96","MID11491","NoIssue"
"97","MID11493","ComponentRepair"
"98","MID11495","ComponentRepair"
"99","MID11496","ComponentRepair"
"100","MID11498","NoIssue"
"101","MID11505","ComponentRepair"
"102","MID11506","ComponentRepair"
"103","MID11514","NoIssue"
"104","MID11521","ComponentRepair"
"105","MID11523","ComponentRepair"
"106","MID11525","NoIssue"
"107","MID11533","ComponentRepair"
"108","MID11534","ComponentRepair"
"109","MID11540","ComponentRepair"
"110","MID11543","ComponentRepair"
"111","MID11544","ComponentRepair"
"112","MID11553","ComponentRepair"
"113","MID11557","ComponentRepair"
"114","MID11559","ComponentRepair"
"115","MID11560","ComponentRepair"
"116","MID11564","ComponentRepair"
"117","MID11570","ComponentRepair"
"118","MID11575","ComponentReplacement"
"119","MID11579","ComponentRepair"
"120","MID11586","ComponentReplacement"
"121","MID11590","ComponentRepair"
"122","MID11593","ComponentRepair"
"123","MID11594","ComponentRepair"
"124","MID11597","NoIssue"
"125","MID11605","ComponentReplacement"
"126","MID11611","NoIssue"
"127","MID11614","ComponentRepair"
"128","MID11615","ComponentRepair"
"129","MID11617","ComponentRepair"
"130","MID11628","ComponentRepair"
"131","MID11642","ComponentRepair"
"132","MID11651","ComponentRepair"
"133","MID11655","ComponentRepair"
"134","MID11657","NoIssue"
"135","MID11658","ComponentRepair"
"136","MID11661","ComponentRepair"
"137","MID11662","ComponentRepair"
"138","MID11663","ComponentRepair"
"139","MID11667","ComponentRepair"
"140","MID11672","ComponentRepair"
"141","MID11673","ComponentRepair"
"142","MID11675","ComponentRepair"
"143","MID11676","ComponentRepair"
"144","MID11677","ComponentRepair"
"145","MID11678","ComponentRepair"
"146","MID11679","ComponentRepair"
"147","MID11696","ComponentRepair"
"148","MID11697","ComponentRepair"
"149","MID11701","NoIssue"
"150","MID11704","ComponentRepair"
"151","MID11711","NoIssue"
"152","MID11715","ComponentRepair"
"153","MID11716","ComponentRepair"
"154","MID11728","ComponentRepair"
"155","MID11740","ComponentRepair"
"156","MID11742","NoIssue"
"157","MID11746","ComponentRepair"
"158","MID11747","ComponentRepair"
"159","MID11749","NoIssue"
"160","MID11755","ComponentRepair"
"161","MID11756","ComponentRepair"
"162","MID11760","NoIssue"
"163","MID11765","NoIssue"
"164","MID11772","ComponentRepair"
"165","MID11775","ComponentRepair"
"166","MID11784","ComponentRepair"
"167","MID11790","ComponentRepair"
"168","MID11795","ComponentRepair"
"169","MID11797","ComponentRepair"
"170","MID11806","ComponentRepair"
"171","MID11815","ComponentRepair"
"172","MID11818","ComponentRepair"
"173","MID11823","NoIssue"
"174","MID11828","ComponentRepair"
"175","MID11838","NoIssue"
"176","MID11849","ComponentRepair"
"177","MID11851","ComponentRepair"
"178","MID11852","ComponentRepair"
"179","MID11853","ComponentRepair"
"180","MID11854","ComponentRepair"
"181","MID11855","ComponentRepair"
"182","MID11856","ComponentRepair"
"183","MID11857","ComponentRepair"
"184","MID11858","NoIssue"
"185","MID11859","ComponentRepair"
"186","MID11860","ComponentRepair"
"187","MID11861","ComponentRepair"
"188","MID11862","ComponentRepair"
"189","MID11863","ComponentRepair"
"190","MID11864","ComponentRepair"
"191","MID11865","ComponentRepair"
"192","MID11866","ComponentRepair"
"193","MID11867","ComponentRepair"
"194","MID11868","ComponentRepair"
"195","MID11869","ComponentRepair"
"196","MID11870","ComponentRepair"
"197","MID11871","ComponentRepair"
"198","MID11872","ComponentRepair"
"199","MID11873","ComponentRepair"
"200","MID11874","ComponentRepair"
"201","MID11875","ComponentRepair"
"202","MID11876","ComponentRepair"
"203","MID11877","ComponentReplacement"
"204","MID11878","ComponentRepair"
"205","MID11879","ComponentRepair"
"206","MID11880","ComponentRepair"
"207","MID11881","ComponentRepair"
"208","MID11882","ComponentRepair"
"209","MID11883","ComponentRepair"
"210","MID11884","ComponentRepair"
"211","MID11885","ComponentRepair"
"212","MID11886","ComponentRepair"
"213","MID11887","ComponentRepair"
"214","MID11888","ComponentRepair"
"215","MID11889","ComponentRepair"
"216","MID11890","NoIssue"
"217","MID11891","NoIssue"
"218","MID11892","ComponentRepair"
"219","MID11893","ComponentRepair"
"220","MID11894","ComponentRepair"
"221","MID11895","ComponentRepair"
"222","MID11896","ComponentRepair"
"223","MID11897","ComponentRepair"
"224","MID11898","ComponentRepair"
"225","MID11899","ComponentRepair"
"226","MID11900","ComponentRepair"
"227","MID11901","ComponentRepair"
"228","MID11902","NoIssue"
"229","MID11903","ComponentRepair"
"230","MID11904","ComponentRepair"
"231","MID11905","ComponentRepair"
"232","MID11906","ComponentRepair"
"233","MID11907","ComponentRepair"
"234","MID11908","ComponentRepair"
"235","MID11909","ComponentRepair"
"236","MID11910","ComponentRepair"
"237","MID11911","ComponentRepair"
"238","MID11912","ComponentRepair"
"239","MID11913","ComponentReplacement"
"240","MID11914","ComponentRepair"
"241","MID11915","ComponentRepair"
"242","MID11916","ComponentRepair"
"243","MID11917","ComponentRepair"
"244","MID11918","NoIssue"
"245","MID11919","NoIssue"
"246","MID11920","ComponentRepair"
"247","MID11921","ComponentRepair"
"248","MID11922","ComponentRepair"
"249","MID11923","ComponentRepair"
"250","MID11924","ComponentRepair"
"251","MID11925","ComponentRepair"
"252","MID11926","ComponentRepair"
"253","MID11927","ComponentReplacement"
"254","MID11928","NoIssue"
"255","MID11929","ComponentRepair"
"256","MID11930","ComponentRepair"
"257","MID11931","ComponentRepair"
"258","MID11932","ComponentRepair"
"259","MID11933","ComponentReplacement"
"260","MID11934","ComponentRepair"
"261","MID11935","ComponentRepair"
"262","MID11936","NoIssue"
"263","MID11937","ComponentRepair"
"264","MID11938","ComponentReplacement"
"265","MID11939","ComponentRepair"
"266","MID11940","ComponentRepair"
"267","MID11941","ComponentRepair"
"268","MID11942","NoIssue"
"269","MID11943","NoIssue"
"270","MID11944","ComponentRepair"
"271","MID11945","ComponentReplacement"
"272","MID11946","NoIssue"
"273","MID11947","NoIssue"
"274","MID11948","NoIssue"
"275","MID11949","NoIssue"
"276","MID11950","ComponentRepair"
"277","MID11951","ComponentRepair"
"278","MID11952","ComponentReplacement"
"279","MID11953","NoIssue"
"280","MID11954","ComponentRepair"
"281","MID11955","ComponentRepair"
"282","MID11956","ComponentRepair"
"283","MID11957","ComponentReplacement"
"284","MID11958","ComponentReplacement"
"285","MID11959","ComponentRepair"
"286","MID11960","ComponentRepair"
"287","MID11961","ComponentRepair"
"288","MID11962","NoIssue"
"289","MID11963","ComponentRepair"
"290","MID11964","ComponentRepair"
"291","MID11965","ComponentRepair"
"292","MID11966","ComponentRepair"
"293","MID11967","ComponentRepair"
"294","MID11968","ComponentRepair"
"295","MID11969","ComponentRepair"
"296","MID11970","ComponentRepair"
"297","MID11971","ComponentRepair"
"298","MID11972","ComponentRepair"
"299","MID11973","NoIssue"
"300","MID11974","NoIssue"
"301","MID11975","ComponentRepair"
"302","MID11976","ComponentRepair"
"303","MID11977","ComponentRepair"
"304","MID11978","ComponentRepair"
"305","MID11979","ComponentRepair"
"306","MID11980","ComponentRepair"
"307","MID11981","ComponentRepair"
"308","MID11982","ComponentRepair"
"309","MID11983","NoIssue"
"310","MID11984","ComponentRepair"
"311","MID11985","ComponentRepair"
"312","MID11986","ComponentReplacement"
"313","MID11987","ComponentRepair"
"314","MID11988","ComponentRepair"
"315","MID11989","ComponentRepair"
"316","MID11990","ComponentRepair"
"317","MID11991","NoIssue"
"318","MID11992","NoIssue"
"319","MID11993","ComponentRepair"
"320","MID11994","ComponentRepair"
"321","MID11995","ComponentRepair"
"322","MID11996","NoIssue"
"323","MID11997","ComponentRepair"
"324","MID11998","ComponentRepair"
"325","MID11999","ComponentRepair"
"326","MID12000","ComponentRepair"
