MachineID,ActionPoint
MID11006,ComponentReplacement
MID11007,ComponentReplacement
MID11039,NoIssue
MID11045,ComponentRepair
MID11049,NoIssue
MID11052,ComponentReplacement
MID11069,ComponentRepair
MID11072,ComponentReplacement
MID11074,ComponentReplacement
MID11077,ComponentRepair
MID11080,ComponentReplacement
MID11109,ComponentRepair
MID11110,ComponentRepair
MID11113,ComponentRepair
MID11117,ComponentReplacement
MID11127,ComponentRepair
MID11128,ComponentReplacement
MID11130,ComponentRepair
MID11133,ComponentRepair
MID11142,ComponentRepair
MID11149,ComponentRepair
MID11153,NoIssue
MID11156,ComponentRepair
MID11158,ComponentReplacement
MID11161,ComponentReplacement
MID11166,ComponentRepair
MID11172,ComponentReplacement
MID11181,ComponentReplacement
MID11186,ComponentRepair
MID11189,ComponentReplacement
MID11190,ComponentReplacement
MID11205,ComponentRepair
MID11209,ComponentRepair
MID11212,ComponentReplacement
MID11215,ComponentRepair
MID11228,ComponentRepair
MID11233,ComponentReplacement
MID11236,ComponentReplacement
MID11240,ComponentRepair
MID11241,ComponentReplacement
MID11250,ComponentRepair
MID11254,ComponentReplacement
MID11257,ComponentRepair
MID11268,ComponentRepair
MID11269,NoIssue
MID11280,ComponentRepair
MID11282,NoIssue
MID11288,ComponentRepair
MID11290,ComponentReplacement
MID11297,ComponentRepair
MID11298,NoIssue
MID11304,NoIssue
MID11305,ComponentRepair
MID11313,ComponentRepair
MID11316,ComponentRepair
MID11319,ComponentReplacement
MID11324,ComponentReplacement
MID11329,ComponentRepair
MID11331,ComponentReplacement
MID11337,ComponentRepair
MID11339,ComponentRepair
MID11345,ComponentRepair
MID11350,ComponentRepair
MID11354,ComponentRepair
MID11357,ComponentRepair
MID11358,ComponentRepair
MID11361,ComponentRepair
MID11365,ComponentRepair
MID11368,ComponentReplacement
MID11369,ComponentRepair
MID11370,ComponentRepair
MID11371,ComponentRepair
MID11376,ComponentReplacement
MID11379,ComponentRepair
MID11388,NoIssue
MID11391,ComponentRepair
MID11393,NoIssue
MID11402,ComponentRepair
MID11408,ComponentRepair
MID11409,ComponentRepair
MID11412,ComponentRepair
MID11414,ComponentRepair
MID11418,ComponentRepair
MID11427,ComponentRepair
MID11432,ComponentRepair
MID11437,ComponentReplacement
MID11439,ComponentRepair
MID11452,ComponentRepair
MID11456,ComponentRepair
MID11461,NoIssue
MID11463,ComponentRepair
MID11466,ComponentRepair
MID11471,ComponentRepair
MID11481,ComponentRepair
MID11483,ComponentRepair
MID11491,NoIssue
MID11493,ComponentRepair
MID11495,ComponentRepair
MID11496,ComponentRepair
MID11498,NoIssue
MID11505,ComponentRepair
MID11506,ComponentRepair
MID11514,NoIssue
MID11521,NoIssue
MID11523,ComponentRepair
MID11525,ComponentRepair
MID11533,ComponentRepair
MID11534,ComponentReplacement
MID11540,ComponentRepair
MID11543,ComponentRepair
MID11544,NoIssue
MID11553,ComponentRepair
MID11557,ComponentRepair
MID11559,ComponentRepair
MID11560,ComponentReplacement
MID11564,ComponentRepair
MID11570,ComponentReplacement
MID11575,ComponentRepair
MID11579,ComponentRepair
MID11586,ComponentReplacement
MID11590,ComponentReplacement
MID11593,ComponentRepair
MID11594,ComponentRepair
MID11597,ComponentRepair
MID11605,ComponentReplacement
MID11611,NoIssue
MID11614,ComponentRepair
MID11615,ComponentRepair
MID11617,ComponentReplacement
MID11628,ComponentRepair
MID11642,ComponentRepair
MID11651,ComponentRepair
MID11655,ComponentRepair
MID11657,NoIssue
MID11658,ComponentRepair
MID11661,ComponentRepair
MID11662,ComponentRepair
MID11663,ComponentRepair
MID11667,ComponentRepair
MID11672,NoIssue
MID11673,NoIssue
MID11675,ComponentRepair
MID11676,ComponentRepair
MID11677,NoIssue
MID11678,ComponentRepair
MID11679,ComponentRepair
MID11696,ComponentRepair
MID11697,ComponentRepair
MID11701,ComponentRepair
MID11704,ComponentRepair
MID11711,NoIssue
MID11715,ComponentRepair
MID11716,ComponentReplacement
MID11728,ComponentRepair
MID11740,ComponentRepair
MID11742,NoIssue
MID11746,ComponentRepair
MID11747,ComponentReplacement
MID11749,NoIssue
MID11755,ComponentRepair
MID11756,ComponentRepair
MID11760,NoIssue
MID11765,NoIssue
MID11772,ComponentRepair
MID11775,ComponentRepair
MID11784,ComponentRepair
MID11790,ComponentRepair
MID11795,ComponentRepair
MID11797,ComponentRepair
MID11806,ComponentRepair
MID11815,ComponentRepair
MID11818,ComponentRepair
MID11823,NoIssue
MID11828,ComponentRepair
MID11838,ComponentRepair
MID11849,ComponentRepair
MID11851,ComponentRepair
MID11852,ComponentRepair
MID11853,ComponentRepair
MID11854,ComponentRepair
MID11855,ComponentRepair
MID11856,ComponentRepair
MID11857,ComponentRepair
MID11858,NoIssue
MID11859,NoIssue
MID11860,ComponentRepair
MID11861,ComponentRepair
MID11862,ComponentRepair
MID11863,ComponentRepair
MID11864,ComponentRepair
MID11865,ComponentRepair
MID11866,ComponentRepair
MID11867,ComponentRepair
MID11868,ComponentRepair
MID11869,ComponentRepair
MID11870,NoIssue
MID11871,ComponentRepair
MID11872,ComponentRepair
MID11873,ComponentRepair
MID11874,ComponentRepair
MID11875,ComponentRepair
MID11876,ComponentRepair
MID11877,ComponentReplacement
MID11878,ComponentRepair
MID11879,ComponentRepair
MID11880,ComponentRepair
MID11881,ComponentRepair
MID11882,NoIssue
MID11883,ComponentRepair
MID11884,NoIssue
MID11885,ComponentRepair
MID11886,ComponentRepair
MID11887,NoIssue
MID11888,ComponentRepair
MID11889,ComponentRepair
MID11890,NoIssue
MID11891,ComponentReplacement
MID11892,NoIssue
MID11893,ComponentRepair
MID11894,ComponentRepair
MID11895,ComponentRepair
MID11896,NoIssue
MID11897,NoIssue
MID11898,ComponentRepair
MID11899,ComponentRepair
MID11900,ComponentRepair
MID11901,ComponentRepair
MID11902,ComponentRepair
MID11903,ComponentRepair
MID11904,NoIssue
MID11905,ComponentRepair
MID11906,ComponentRepair
MID11907,ComponentRepair
MID11908,NoIssue
MID11909,NoIssue
MID11910,ComponentRepair
MID11911,ComponentRepair
MID11912,ComponentRepair
MID11913,ComponentRepair
MID11914,ComponentRepair
MID11915,ComponentRepair
MID11916,ComponentRepair
MID11917,ComponentRepair
MID11918,ComponentRepair
MID11919,ComponentRepair
MID11920,ComponentRepair
MID11921,ComponentRepair
MID11922,NoIssue
MID11923,ComponentRepair
MID11924,NoIssue
MID11925,ComponentRepair
MID11926,ComponentRepair
MID11927,ComponentRepair
MID11928,NoIssue
MID11929,ComponentRepair
MID11930,ComponentRepair
MID11931,ComponentRepair
MID11932,ComponentRepair
MID11933,ComponentReplacement
MID11934,ComponentRepair
MID11935,NoIssue
MID11936,NoIssue
MID11937,ComponentRepair
MID11938,ComponentReplacement
MID11939,ComponentRepair
MID11940,ComponentRepair
MID11941,ComponentRepair
MID11942,NoIssue
MID11943,NoIssue
MID11944,ComponentRepair
MID11945,ComponentRepair
MID11946,NoIssue
MID11947,NoIssue
MID11948,NoIssue
MID11949,ComponentRepair
MID11950,NoIssue
MID11951,ComponentRepair
MID11952,NoIssue
MID11953,NoIssue
MID11954,ComponentRepair
MID11955,ComponentRepair
MID11956,NoIssue
MID11957,ComponentRepair
MID11958,ComponentRepair
MID11959,ComponentRepair
MID11960,ComponentRepair
MID11961,NoIssue
MID11962,NoIssue
MID11963,ComponentRepair
MID11964,NoIssue
MID11965,ComponentRepair
MID11966,ComponentRepair
MID11967,ComponentRepair
MID11968,ComponentRepair
MID11969,ComponentReplacement
MID11970,ComponentRepair
MID11971,ComponentRepair
MID11972,ComponentRepair
MID11973,NoIssue
MID11974,NoIssue
MID11975,ComponentRepair
MID11976,ComponentRepair
MID11977,NoIssue
MID11978,NoIssue
MID11979,ComponentRepair
MID11980,NoIssue
MID11981,ComponentRepair
MID11982,ComponentRepair
MID11983,NoIssue
MID11984,NoIssue
MID11985,ComponentRepair
MID11986,ComponentRepair
MID11987,ComponentRepair
MID11988,ComponentRepair
MID11989,ComponentRepair
MID11990,NoIssue
MID11991,ComponentRepair
MID11992,NoIssue
MID11993,NoIssue
MID11994,NoIssue
MID11995,ComponentRepair
MID11996,NoIssue
MID11997,ComponentRepair
MID11998,NoIssue
MID11999,NoIssue
MID12000,ComponentRepair
